gene	sample	sequence	num_hits	coverage	taxonomy	read_names	nucleotides_aligned	taxonomy_by_known?	read_unaligned_sequences
S3.10.ribosomal_protein_S19_rpsS	Plasmodium_reads-R1	CATTTAAGAAATATGACCATCATACCAGAAATGGTAGGATCTATTGTAGCTGTACATAAT	3	4.95	Root; d__Eukaryota; Viridiplantae	GCF_000002765.5_GCA_000002765_genomic:23:B02CBACXX:8:2315:1447:6709 GCF_000002765.5_GCA_000002765_genomic:23:B02CBACXX:8:2315:4526:1663 GCF_000002765.5_GCA_000002765_genomic:23:B02CBACXX:8:2315:5750:1229	60 60 60	False	CATTCGTATATTGTTTACCATTATGTACAGCTACAATAGATCCTACCATTTCTGGTATGATGGTCATATTTCTTAAATGGGTAGGGACAGGATTTGGCTTTTCTCCTGGTTCACAATTTTTTTTAGATTTTCTAATTTTTTTTAAAAGTG AGATAATAACCAATCATTTCTGGTTTAATTTCTACATTCGTATATTGTTTACCATTATGTACAGCTACAATAGATCCTACCATTTCTGGTATGATGGTCATATTTCTTAAATGGGTAGGGACAGGATTTGGCTTTTCTCCTGGTTCACAA ACATTCGTATATTGTTTACCATTATGTACAGCTACAATAGATCCTACCATTTCTGGTATGATGGTCATATTTCTTAAATGGGTAGGGACAGGATTTGGCTTTTCTCCTGGTTCACAATTTTTTTTAGATTTTCTAATTTTTTTTAAAAGT
S3.11.pheS	Plasmodium_reads-R1	TATGTAGAATCATCTTTTTGGTGTTTCGATGCTTTATATATTCCACAACAACATCCAAGT	6	9.89	Root; d__Eukaryota; Fungi	GCF_000002765.5_GCA_000002765_genomic:23:B02CBACXX:8:2315:1196:8588 GCF_000002765.5_GCA_000002765_genomic:23:B02CBACXX:8:2315:4053:9195 GCF_000002765.5_GCA_000002765_genomic:23:B02CBACXX:8:2315:6324:4119 GCF_000002765.5_GCA_000002765_genomic:23:B02CBACXX:8:2315:643:1819 GCF_000002765.5_GCA_000002765_genomic:23:B02CBACXX:8:2315:6561:3800 GCF_000002765.5_GCA_000002765_genomic:23:B02CBACXX:8:2315:9803:4481	60 60 60 60 60 60	False	CAAGTTTCTGGTTCTTTTATAAAAAAGGTATCTTGTAAATCTCTACTTGGATGTTGTTGTGGAATATATAAAGCATCGAAACACCAAAAAGATGATTCTACATAATTATGAGTTTCCATTTCTTCAAATCCTAAAGAAAAAAATATTTCT CAAATGAGAACATTTAAAGAAATATTTTTTTCTTTAGGATTTGAAGAAATGGAAACTCATAATTATGTAGAATCATCTTTTTGGTGTTTCGATGCTTTATATATTCCACAACAACATCCAAGTAGAGATTTACAAGATACCTTTTTTATA ATATTCTGTATCTACAAATTTATCTATACAAGTTTCTGGTTCTTTTATAAAAAAGGTATCTTGTAAATCTCTACTTGGATGTTGTTGTGGAATATATAAAGCATCGAAACACCAAAAAGATGATTCTACATAATTATGAGTTTCCATTTC ATATTCATCTTTTAACAAAACAAATGAGAACATTTAAAGAAATATTTTTTTCTTTAGGATTTGAAGAAATGGAAACTCATAATTATGTAGAATCATCTTTTTGGTGTTTCGATGCTTTATATATTCCACAACAACATCCAAGTAGAGATT CGATATATTCTGTATCTACAAATTTATCTATACAAGTTTCTGGTTCTTTTATAAAAAAGGTATCTTGTAAATCTCTACTTGGATGTTGTTGTGGAATATATAAAGCATCGAAACACCAAAAAGATGATTCTACATAATTATGAGTTTCCA ACATTTAAAGAAATATTTTTTTCTTTAGGNTTTGAAGTAATGGAAACTCATAATTATGTAGAATCATCTTTTTGGTGTTTCGATGCTTTATATATTCCACAACAACATCCAAGTAGAGATTTACAAGATACCTTTTTTATAAAAGAACCA
S3.12.ribosomal_L1	Plasmodium_reads-R1	AAAATATTAGTTTTGGTTGAT---GAAGAACATCAAAATTTAAAAAANTATGGAGCTGAC	1	1.60	Root; d__Bacteria; p__Proteobacteria; c__Gammaproteobacteria; o__SAR86; f__TMED112; g__TMED112; s__TMED112 sp002727535	GCF_000002765.5_GCA_000002765_genomic:23:B02CBACXX:8:2315:7659:3561	57	False	ATTATAAAAATTGATATAAAAAGAGAATCCTTAAGAGGGATGTGTAACCTAGTACATAGTGTGGATAAAAATAAAAAAATATTAGTTTTGGTTGATGAAGAACATCAAAATTTAAAAAANTATGGAGCTGACTATGTTGGTTTAGAATAT
S3.12.ribosomal_L1	Plasmodium_reads-R1	AAAATATTAGTTTTGGTTGAT---GAAGAACATCAAAATTTAAAAAAATATGGAGCTGAC	2	3.19	Root; d__Bacteria; p__Bacteroidota; c__Bacteroidia; o__Flavobacteriales; f__Blattabacteriaceae; g__Blattabacterium	GCF_000002765.5_GCA_000002765_genomic:23:B02CBACXX:8:2315:3917:2190 GCF_000002765.5_GCA_000002765_genomic:23:B02CBACXX:8:2315:7544:7503	57 57	False	AAAAAGAGAATCCTTAAGAGGGATGTGTAACCTAGTACATAGTGTGGATAAAAATAAGAAAATATTAGTTTTGGTTGATGAAGAACATCAAAATTTAAAAAAATATGGAGCTGACTATGTTGGTTTAGAATATATTAACAAAATAAAAAA TAAACCAACATAGTCAGCTCCATATTTTTTTAAATTTTGATGTTCTTCATCAACCAAAACTAATATTTTTTTATTTTTATCCACACTATGTACTAGGTTACACATCCCTCTTAAGGATTCTCTTTTTATATCAATTTTTATAATTAAATT
S3.13.ribosomal_S9	Plasmodium_reads-R1	GGTGGTGGTCAAACTTCTCAAATATATGCTATACGTCAAGCTATTGGTAAAGGAATAATT	6	9.89	Root; d__Eukaryota; Fungi	GCF_000002765.5_GCA_000002765_genomic:23:B02CBACXX:8:2315:1328:1136 GCF_000002765.5_GCA_000002765_genomic:23:B02CBACXX:8:2315:4094:4466 GCF_000002765.5_GCA_000002765_genomic:23:B02CBACXX:8:2315:5773:7777 GCF_000002765.5_GCA_000002765_genomic:23:B02CBACXX:8:2315:6984:5546 GCF_000002765.5_GCA_000002765_genomic:23:B02CBACXX:8:2315:8070:3005 GCF_000002765.5_GCA_000002765_genomic:23:B02CBACXX:8:2315:912:2489	60 60 60 60 60 60	False	ATTTTTGATAATAAGAAATTATTCCTTTACCAATAGCTTGACGTATAGCATATATTTGAGAAGTTTGACCACCACCCTTAACTCTTATACGGATATCGAAATTTTTTAATTTGCCTGATCCAATTAACCATAAGGGTTCATATACTTTAG TTAAAAACTAAAGTATATGAACCCTTATGGTTAATTGGATCAGGCAAATTAAAAAATTTAGATATCCGTATAAGAGTTAAGGGTGGTGGTCAAACTTCTCAAATATATGCTATACGTCAAGCTATTGGTAAAGGAATAATTTCTTATTAT AAGAGTTAAGGGTGGTGGTCAAACTTCTCAAATATATGCTATACGTCAAGCTATTGGTAAAGGAATAATTTCTTATTATCAAAAATATGTAGATGAATCAACTAAAAAAGAATTAAAAGATGTCTTGTTAAGATATGACAGATCATTGTT TATATGAACCCTTATGGTTAATTGGATCAGGCAAATTAAAAAATTTAGATATCCGTATAAGAGTTAAGGGTGGTGGTCAAACTTCTCAAATATATGCTATACGTCAAGCTATTGGTAAAGGAATAATTTCTTATTATCAAAAATATGTAG AATAAGAAATTATTCCTTTACCAATAGCTTGACGTATAGCATATATTTGAGAAGTTTGACCACCACCCTTAACTCTTATACGGATATCTAAATTTTTTAATTTGCCTGATCCAATTAACCATAAGGGTTCATATACTTTAGTTTTTAAAA TTGATAATAAGAAATTATTCCTTTACCAATAGCTTGACGTATAGCATATATTTGAGAAGTTTGACCACCACCCTTAACTCTTATACGGATATCTAAATTTTTTAATTTGCCTGATCCAATTAACCATAAGGGTTCATATACTTTAGTTTT
S3.13.ribosomal_S9	Plasmodium_reads-R1	GGAGGAGGAATAAGTGGACAATCAAAAGCAGCAAGATTAGCTGTAGGAAGAGCATTATTA	2	3.30	Root; d__Bacteria	GCF_000002765.5_GCA_000002765_genomic:23:B02CBACXX:8:2315:2989:9496 GCF_000002765.5_GCA_000002765_genomic:23:B02CBACXX:8:2315:5509:3414	60 60	False	ACAGAATGGATGTGTTAGAACCATTTTATATTACAAATACAGCTTGCGTATTTGATGTTTTTATAAAATTAAAAGGAGGAGGAATAAGTGGACAATCAAAAGCAGCAAGATTAGCTGTAGGAAGAGCATTATTAAATGCATGTCCACATA CCATTTTATATTACAAATACAGCTTGCGTATTTGATGTTTTTATAAAATTAAAAGGAGGAGGAATAAGTGGACAATCAAAAGCAGCAAGATTAGCTGTAGGAAGAGCATTATTAAATGCATGTCCACATATATATAATGAACTAAAACAA
S3.13.ribosomal_S9	Plasmodium_reads-R1	GGAGGAGGATTATCAGGTCAGAGTGTTGCTATCTTTCATGCTCTAGTTAAATATATTGTT	2	3.30	Root; d__Bacteria; p__Caldisericota; c__Caldisericia; o__UBA6126; f__UBA6126; g__UBA6126; s__UBA6126 sp002428295	GCF_000002765.5_GCA_000002765_genomic:23:B02CBACXX:8:2315:6842:2649 GCF_000002765.5_GCA_000002765_genomic:23:B02CBACXX:8:2315:7246:7585	60 60	False	TTTACATAGACATTTTAATATTGTAGCCAAAGTTGAAGGAGGAGGATTATCAGGTCAGAGTGTTGCTATCTTTCATGCTCTAGTTAAATATATTGTTTATAATTTTTCGTTAAAAATTAAACCATTCTTTAGGTCACTTAATTTTATGAC GTTTACATAGACATTTTAATATTGTAGCCAAAGTTGAAGGAGGAGGATTATCAGGTCAGAGTGTTGCTATCTTTCATGCTCTAGTTAAATATATTGTTTATAATTTTTCGTTAAAAATTAAACCATTCTTTAGGTCACTTAATTTTATGA
S3.14.hisS	Plasmodium_reads-R1	CACTATCAATGGAATTTAGATATTTTAGGTATTGAAAATATATATGCAGAAGTTGAACTA	4	6.59	Root; d__Archaea; p__Thermoplasmatota; c__Poseidoniia_B; o__MGIII; f__CG-Epi1; g__UBA102; s__UBA102 sp001875425	GCF_000002765.5_GCA_000002765_genomic:23:B02CBACXX:8:2315:2769:9252 GCF_000002765.5_GCA_000002765_genomic:23:B02CBACXX:8:2315:4876:1095 GCF_000002765.5_GCA_000002765_genomic:23:B02CBACXX:8:2315:5424:8794 GCF_000002765.5_GCA_000002765_genomic:23:B02CBACXX:8:2315:8392:4051	60 60 60 60	False	TTCAATAATATATTTATGATTTAATTTAATTACAATATGTTTTTCATCCATATGAACTTTATTAAAAAATGTTATTAAGATAGATAATAGTTCAACTTCTGCATATATATTTTCAATACCTAAAATATCTAAATTCCATTGATAGTGTTC TTAAAAAATGTTATTAACATAGATAATAGTTCAACTTCTGCATATATATTTTCAATACCTAAAATATCTAAATTCCATTGATAGTGTTCTCTTTTTCTTAATCTTGATGTTTGTTCATATCTAAAACATTGACCTATTGTACACATTTTA AATGTTATTAACATAGATAATAGTTCAACTTCTGCATATATATTTTCAATACCTAAAATATCTAAATTCCATTGATAGTGTTCTCTTTCTCTTAATCTTGATGTTTGTTCATATCTAAAACATTGACCTATTGTACACATTTTAAATATT ATTACAATATGTTTTTCATCCATATGAACTTTATTAAAAAATGTTATTAACATAGATAATAGTTCAACTTCTGCATATATATTTTCAATACCTAAAATATCTAAATTCCATTGATAGTGTTCTCTTTTTCTTAATCTTGATGTTTGTTCA
S3.14.hisS	Plasmodium_reads-R1	TTTTACCAATGTGATTTTGATATAGTTGGAAAGGATACACTACGTACAGATTTTCATATA	1	1.70	Root; d__Eukaryota; Metazoa	GCF_000002765.5_GCA_000002765_genomic:23:B02CBACXX:8:2315:2695:6599	63	False	GATATGCCAAAAAATATATAATATATGAAAATCTGTACGTAGTGTATCAAACTTTCCAACTATATCAAAATCACATTGGTAAAATTCTCGGAAGCGTCCTCTATTCATACTTGGTTCATCTCTTCGATATACCTTTCCTATATGAAATCT
S3.14.hisS	Plasmodium_reads-R1	TTTTACCAATGTGATTATGATATAGTTGGAAAGGATACACTACGTACAGATTTTCATATA	1	1.70	Root; d__Eukaryota; Metazoa	GCF_000002765.5_GCA_000002765_genomic:23:B02CBACXX:8:2315:5579:7252	63	False	CTTAAAAGATTTCATATAGGAAAGGTATATCGAAGAGATGAACCAAGTATGAATAGAGGACGCTTCCGAGAATTTTACCAATGTGATTATGATATAGTTGGAAAGTTTGATACACTACGTACAGATTTTCATATATTATATATTTTTTGG
S3.15.glyS_dimeric	Plasmodium_reads-R1	GGTGGGAAAACACCTTTTGCTGGAGCACAATTAGGTCTTGGATTTCGTAATGAAATATCA	3	4.95	Root; d__Eukaryota; Metazoa	GCF_000002765.5_GCA_000002765_genomic:23:B02CBACXX:8:2315:2916:455 GCF_000002765.5_GCA_000002765_genomic:23:B02CBACXX:8:2315:357:3492 GCF_000002765.5_GCA_000002765_genomic:23:B02CBACXX:8:2315:9747:3560	60 60 60	False	TTTAGAATATAACGGTGGGAAAACACCTTTTGCTGGAGCACAATTAGGTCTTGGATTTCGTAATGAAATATCACCAAGAAATGGCTTGTTAAGAGTTAGAGAATTTCAGATGGCTGAAATAGAATATTTCGTGAATCCTAAAAAAAAGAA TATAACGGTGGGAAAACACCTTTTGCTGGAGCACAATTAGGTCTTGGATTTCGTAATGAAATATCACCAAGAAATGGCTTGTTAAGAGTTAGAGAATTTCAGATGGCTGAAATAGAATATTTCGTGAATCCTAAAAAAAAGAATCATGAG TTTAGAATATAACGGTGGGAAAACACCTTTTGCTGGAGCACAATTAGGTCTTGGATTTCGTAATGAAATATCACCAAGAAATGGCTTGTTAAGAGTTAGAGAATTTCAGATGGCTGAAATAGAATATTTCGTGAATCCTAAAAAAAAGAA
S3.15.glyS_dimeric	Plasmodium_reads-R1	GGTGGGAAAACACCTTATGCTGGAGCACAATTAGGTCTTGGATTTCGTAATGAAATATCA	1	1.65	Root; d__Eukaryota; Metazoa	GCF_000002765.5_GCA_000002765_genomic:23:B02CBACXX:8:2315:8737:2006	60	False	GAAATATTCTATTTCAGCCATCTGAAATTCTCTAACTCTTAACAAGCCATTTCTTGGTGATATTTCATTACGAAATCCAAGACCTAATTGTGCTCCAGCATAAGGTGTTTTCCCACCGTTATATTCTAAAAGCTTCTTAAAGTTAACAAA
S3.16.SRP_SPB	Plasmodium_reads-R1	GTAATATTAATCGATACAGCAGGAAGAATGCAAGATAATGAACCATTAATGAGATCACTT	1	1.65	Root; d__Eukaryota; Metazoa	GCF_000002765.5_GCA_000002765_genomic:23:B02CBACXX:8:2315:8998:8404	60	False	TGGATTATTATAANGAATTAGTTTTCCAAGTGATCTCATTAATGGTTCATTATCTTGCATTCTTCCTGCTGTATCGATTAATATTACATCATAATTTTCTTTTTTTGCATATAAGATTGCTTCTTTAGCAATAGCTGACGCATCTTTTCC
S3.16.SRP_SPB	Plasmodium_reads-R1	GTAATATTAATCGATACAGCAGGAAGAATGCAAGATAATGNACCATTAATGAGATCACTT	1	1.65	Root; d__Eukaryota; Metazoa	GCF_000002765.5_GCA_000002765_genomic:23:B02CBACXX:8:2315:4125:1120	60	False	TTGCATCGTTTCCAACTAATGCTTCTCCAACGAATAAGATTAGATCTGGCTTATTATAAAGAATTAGTTTTCCAAGTGATCTCATTAATGGTNCATTATCTTGCATTCTTCCTGCTGTATCGATTAATATTACATCATAATTTTCTTTTT
S3.16.SRP_SPB	Plasmodium_reads-R1	GTANTATTAATCGATACAGCAGGAAGAATGCAAGATAATGAACCATTAATGAGATCACTT	1	1.65	Root; d__Eukaryota; Metazoa	GCF_000002765.5_GCA_000002765_genomic:23:B02CBACXX:8:2315:3018:3392	60	False	TTTTTTTAATTGATCAATTGCATCGTTTCCAACTAATGCTTCTCCAACGAATAAGATTAGATCTGGATTATTATAAAGAATTAGTTTTCCAAGTGATCTCATTAATGGTTCATTATCTTGCATTCTTCCTGCTGTATCGATTAATANTAC
S3.16.SRP_SPB	Plasmodium_reads-R1	TTAATAATTGTAGATAGTTCGGGGAGNCATAAACAAGAAAATGAATTATTTGAAGAAATG	1	1.65	Root; d__Eukaryota; Metazoa	GCF_000002765.5_GCA_000002765_genomic:23:B02CBACXX:8:2315:162:495	60	False	ACAACTTTGGCCAATATGGCTATCAATAACAAAAATAATTTCTTCTGGTTGTATAGAATTTTCTACTTGTATCATTTCTTCAAATAATTCATTTTCTTGTTTATGNCTCCCCGAACTATCTACAATTATTAAATCATATTTATCTTTTAA
S3.16.SRP_SPB	Plasmodium_reads-R1	TTAATAATTGTAGATAGTTCGGGGAGACNTAAACAAGAAAATGAATTATTTGAAGAAATG	1	1.65	Root; d__Eukaryota; Metazoa	GCF_000002765.5_GCA_000002765_genomic:23:B02CBACXX:8:2315:6025:1334	60	False	TGACAACTTTGGCCAATATGGCTATCAATAACAAAAATAATTTCTTCTGGTTGTATAGAATTTTCTACTCGTATCATTTCTTCAAATAATTCATTTTCTTGTTTANGTCTCCCCGAACTATCTACAATTATTAAATCATATTTATCTTTT
S3.16.SRP_SPB	Plasmodium_reads-R1	TTAATAATTGTAGATAGTTCGGGGAGACATAAACAAGAAAATGAATTATTTGAAGAAATG	1	1.65	Root; d__Eukaryota; Metazoa	GCF_000002765.5_GCA_000002765_genomic:23:B02CBACXX:8:2315:1661:4090	60	False	ATAAATATGATTTAATAATTGTAGATAGTTCGGGGAGACATAAACAAGAAAATGAATTATTTGAAGAAATGATACAAGTAGAAAATTCTATACAACCAGAAGAAATTATTTTTGTTATTGATAGCCATATTGGCCAAAGTTGTCATGATC
S3.17.dph5	Plasmodium_reads-R1	ATACATAATACATCCATAATTTCAGCTATA---GGGGAATGTGGTATGCAATTATATAAT	2	3.19	Root; d__Eukaryota; Fungi	GCF_000002765.5_GCA_000002765_genomic:23:B02CBACXX:8:2315:8238:4583 GCF_000002765.5_GCA_000002765_genomic:23:B02CBACXX:8:2315:9863:7075	57 57	False	TTTATCATAATAACTAGTAGGTTTATAGTTATCTTCAAAATATGGAATAGAAACGATTTGACCAAAATTATATAATTGCATACCACATTCCCCTATAGCTGAAATTATGGATGTATTATGTATAATTTCTACGTCAATATTTTTTTTCTT ATATAAATTTTATCATAATAACTAGTAGGTTTATAGTTATCTTCAAAATATGGAATAGAAACGATTTGACCAAAATTATATAATTGCATACCACATTCCCCTATAGCTGAAATTATGGATGTATTATGTATAATTTCTACGTCAATATTT
S3.19.eIF_5A	Plasmodium_reads-R1	TCAAAAACAGGAAAGCATGGTCATGCAAAAGCACACATTGTAGGTATAGATATATTTACA	7	11.54	Root; d__Eukaryota; Metazoa	GCF_000002765.5_GCA_000002765_genomic:23:B02CBACXX:8:2315:2505:7561 GCF_000002765.5_GCA_000002765_genomic:23:B02CBACXX:8:2315:4587:450 GCF_000002765.5_GCA_000002765_genomic:23:B02CBACXX:8:2315:5444:583 GCF_000002765.5_GCA_000002765_genomic:23:B02CBACXX:8:2315:5833:6178 GCF_000002765.5_GCA_000002765_genomic:23:B02CBACXX:8:2315:7535:2563 GCF_000002765.5_GCA_000002765_genomic:23:B02CBACXX:8:2315:7959:76 GCF_000002765.5_GCA_000002765_genomic:23:B02CBACXX:8:2315:8521:7092	60 60 60 60 60 60 60	False	TAATTCAGTTCTTTTTACAACAGGTACATCCATATTATGAGATGTTGGACATATATCTTCATATTTCCTTCCTGTAAATATATCTATACCTACAATGTGTGCTTTTGCATGACCATGCTTTCCTGTTTTTGATGTGGGATAATCAACCAC TTTCCTTCCTGTAAATATATCTATACCTACAATGTGTGCTTTTGCATGACCATGCTTTCCTGTTTTTGATGTGGAATAATCAACCACCTTACATGGATGCTCTTTCAACATTACATGACCATTTTTTTTTATTGCACCTGCTTGCACAGG ATCTTCATATTTCCTTCCTGTAAATATATCTATACCTACAATGTGTGCTTTTGCATGACCATGCTTTCCTGTTTTTGATGTGGAATAATCAACCACCTTACATGGATGCTCTTTCAACATTACATGACCATTTTTTTTTATTGCACCTGC TTATGAGATGTTGGACATATATCTTCATATTTCCTTCCTGTAAATATATCTATACCTACAATGTGTGCTTTTGCATGACCATGCTTTCCTGTTTTTGATGTGGAATAATCAACCACCTTACATGGATGCTCTTTCAACATTACATGACCA AGAGCATCCATGTAAGGTGGTTGATTATTCCACATCAAAAACAGGAAAGCATGGTCATGCAAAAGCACACATTGTAGGTATAGATATATTTACAGGAAGGAAATATGAAGATATATGTCCAACATCTCATAATATGGATGTACCTGTTGT GTGGTTGATTATTCCACATCAAAAACAGGAAAGCATGGTCATGCAAAAGCACACATTGTAGGTATAGATATATTTACAGGAAGGAAATATGAAGATATATGTCCAACATCTCATAATATGGATGTACCTGTTGTAAAAAGAACTGAATTA GCATCCATGTAAGGTGGTTGATTATTCCACATCAAAAACAGGAAAGCATGGTCATGCAAAAGCACACATTGTAGGTATAGATATATTTACAGGAAGGAAATATGAAGATATATGTCCAACATCTCATAATATGGATGTACCTGTTGTAAA
S3.19.eIF_5A	Plasmodium_reads-R1	TCAAAAACAGGAAAGCATGGTCATGCAAAAGCACACATTGTAGGTATAGATATATTNACA	1	1.65	Root; d__Eukaryota; Metazoa	GCF_000002765.5_GCA_000002765_genomic:23:B02CBACXX:8:2315:8467:5136	60	False	TCCATGTAAGGTGGTTGATTATTCCACATCAAAAACAGGAAAGCATGGTCATGCAAAAGCACACATTGTAGGTATAGATATATTNACAGGAAGGAAATATGAAGATATATGTCCAACATCTCATAATATGGATGTACCTGTTGTAAAAAG
S3.1.ribosomal_protein_L2_rplB	Plasmodium_reads-R1	GAACATAGAACAGGAAATAGAGGAACCTTAGTAAAAGCTTCCGGATGTTATGCTACTGTT	5	8.24	Root; d__Eukaryota; Sar	GCF_000002765.5_GCA_000002765_genomic:23:B02CBACXX:8:2315:2190:6421 GCF_000002765.5_GCA_000002765_genomic:23:B02CBACXX:8:2315:4013:6034 GCF_000002765.5_GCA_000002765_genomic:23:B02CBACXX:8:2315:425:8378 GCF_000002765.5_GCA_000002765_genomic:23:B02CBACXX:8:2315:5471:2111 GCF_000002765.5_GCA_000002765_genomic:23:B02CBACXX:8:2315:878:5958	60 60 60 60 60	False	AACAGTAGCATAACATCCGGAAGCTTTTACTAAGGTTCCTCTATTTCCTGTTCTATGTTCTAAGTTACATATTAAGGTACCTTCAGGCATTATTCCAATAGGTAAAATATTACCTACTGATAAGGGGGCTTTCGTACCACATGAAATATA CATGTGGTACGAAAGCCCCCTTATCAGTAGGTAATATTTTACCTATTGGAAAAATGCCTGAAGGTACCTTCATATGTAACTTAGAACATAGAACAGGAAATAGAGGAACCTTAGTAAAAGCTTCCGGATGTTATGCTACTGTTGTAGGTC TGACCTACAACAGTAGCATAACATCCGGAAGCTTTTACTAAGGTTCCTCTATTTCCTGTTCTATGTTCTAAGTTACATATTAAGGTACCTTCAGGCATTTTTCCAATAGGTAAAATATTACCTACTGATAAGGGGGCTTTCGTACCACAT TTTAGCTCCTGATGGTAATCTAACTTTAGTTTTTTTTCCATCTTCTGATTGACCTACAACAGTAGCATAACATCCGGAAGCTTTTACTAAGGTTCCTCTATTTCCTGTTCTATGTTCTAAGTTACATATTAAGGTACCTTCAGGCATTTT ATATGTAACTGAGAACATAGAACAGGAAATAGAGGAACCTTAGTAAAAGCTTCCGGATGTTATGCTACTGTTGTAGGTCAATCAGAAGATGGAAAAAAAACTAAAGTTAGATTACCATCAGGAGCTAAAAAAACTATCGACGCTAAAGCT
S3.1.ribosomal_protein_L2_rplB	Plasmodium_reads-R1	GAACATAGAACAGGAAATAGAGGAACCTTAGGAAAAGCTTCCGGATGTTATGCTACTGTT	1	1.65	Root; d__Eukaryota; Sar	GCF_000002765.5_GCA_000002765_genomic:23:B02CBACXX:8:2315:6369:8503	60	False	AGCTTTAGCGTCGATAGTTTTTTTAGCTCCTGATGGTAATCTAACTTTAGTTTTTTTTCCATCTTCTGATTGACCTACAACAGTAGCATAACATCCGGAAGCTTTTCCTAAGGTTCCTCTATTTCCTGTTCTATGTTCTAAGTTACATAT
S3.1.ribosomal_protein_L2_rplB	Plasmodium_reads-R1	GAAATGAGACCAGGAGCAGGGGGGCAGTTAATACGGGCAGCTGGTACATACGCTACAATA	5	8.24	Root; d__Bacteria; p__Firmicutes_A; c__Clostridia_A; o__Christensenellales; f__CAG-74; g__UBA1038; s__UBA1038 sp012513735	GCF_000002765.5_GCA_000002765_genomic:23:B02CBACXX:8:2315:2691:7309 GCF_000002765.5_GCA_000002765_genomic:23:B02CBACXX:8:2315:2742:6133 GCF_000002765.5_GCA_000002765_genomic:23:B02CBACXX:8:2315:2757:7890 GCF_000002765.5_GCA_000002765_genomic:23:B02CBACXX:8:2315:4757:510 GCF_000002765.5_GCA_000002765_genomic:23:B02CBACXX:8:2315:4975:7375	60 60 60 60 60	False	TTATAGCAAGCAAGTATGCAAATATTAACCCTGGAAATTCTTTACCATTACAAAATATACCTGTCGGAAGTATTATTCATAATATTGAAATGAGACCAGGAGCAGGGGGGCAGTTAATACGGGCAGCTGGTACATACGCTACAATAATTA TAATATTGAAATGAGACCAGGAGCAGGGGGGCAGTTAATACGGGCAGCTGGTACATACGCTACAATAATTAGTAAAGACAATGAATATGCAACAATTAAATTAAAATCTACTGAGATTAGAAAATTTCCTTTACAATGTTGGGCAACAAT TTAACCCTGGAAATTCTTTACCATTACAAAATATACCTGTCGGAAGTATTATTCATAATATTGAAATGAGACCAGGAGCAGGGGGGCAGTTAATACGGGCAGCTGGTACATACGCTACAATAATTAGTAAAGACAATGAATATGCAACAA AAGCAAGTATGCAAATATTAACCCTGGGAATTCTTTACCATTACAAAATATACCTGTCGGAAGTATTATTCATAATATTGAAATGAGACCAGGAGCAGGGGGGCAGTTAATACGGGCAGCTGGTACATACGCTACAATAATTAGTAAAGA GAAATTCTTTACCATTACAAAATATACCTGTCGGAAGTATTATTCATAATATTGAAATGAGACCAGGAGCAGGGGGGCAGTTAATACGGGCAGCTGGTACATACGCTACAATAATTAGTAAAGACAATGAATATGCAACAATTAAATTAA
S3.1.ribosomal_protein_L2_rplB	Plasmodium_reads-R1	TCTAAAGATTATAAAAAAGGTAGTATTTTTGCTAGATCAGCAGGTACTTTTGCTCAAATA	3	4.95	Root; d__Bacteria	GCF_000002765.5_GCA_000002765_genomic:23:B02CBACXX:8:2315:7023:6798 GCF_000002765.5_GCA_000002765_genomic:23:B02CBACXX:8:2315:7348:8937 GCF_000002765.5_GCA_000002765_genomic:23:B02CBACXX:8:2315:8024:4029	60 60 60	False	TTAATAACATTAAAACTGGAAGTTATATACAATTAAAATATTGTAAATTAGGTACATATATCTATAATATATCTAAAGATTATAAAAAAGGTAGTATTTTTGCTAGATCAGCAGGTACTTTTGCTCAAATATTATCTTTTTATAAAAATT CTGGAAGTTATATACAATTAAAATATTGTAAATTAGGTACATATATCTATAATATATCTAAAGATTATAAAAAAGGTAGTATTTTTGCTAGATCAGCAGGTACTTTTGCTCAAATATTATCTTTTTATAAAAATTTATTTTATATAAAAT AATATTGTAAATTAGGTACATATATCTATAATATATCTAAAGATTATAAAAAAGGTAGTATTTTTGCTAGATCAGCAGGTACTTTTGCTCAAATATTATCTTTTTATAAAAATTTAGTTTATATAAAATTACCTTCTAAACAATGTAAAT
S3.21.Fibrillarin	Plasmodium_reads-R1	CAAGCACGTATAGTTGCTATGAATGCACATATGTTTTTAAAAACAGGAGGATGGTGTATT	1	1.65	Root; d__Eukaryota; Metazoa	GCF_000002765.5_GCA_000002765_genomic:23:B02CBACXX:8:2315:6488:5659	60	False	GATCAAGCACGTATAGTTGCTATGAATGCACATATGTTTTTAAAAACAGGAGGATGGTGTATTATTTCTATCAAAGCTAATTGTGTTGATTCTACTGCTAAACCAGAAGTCGTATTTGCATCTGAAATGGAAAAATTAAAAAAAGAAAAT
S3.24.Nop	Plasmodium_reads-R1	CCCAAATATGGTGTTATATATCATGCAACATTAGTTGGACAAACCGCTCCTAAATTAAAA	1	1.65	Root; d__Eukaryota; Viridiplantae	GCF_000002765.5_GCA_000002765_genomic:23:B02CBACXX:8:2315:3764:913	60	False	GTACATAAAGATCATTTAGCAGCCAAGGATCTACTTATTCTTCCTTTTAATTTAGGAGCGGTTTGTCCAACTAATGTTGCATGATATATAACACCATATTTGGGTGTTTTGGATTTGGTTTTTAAGGCTCTGAAGAGAGCTTTTTCTGAA
S3.24.Nop	Plasmodium_reads-R1	CCCAAATATGGTCTTATATATCATGCAACATTAGTTGGACAAACCGCTCCTAAATTCAAA	1	1.65	Root; d__Eukaryota; Viridiplantae	GCF_000002765.5_GCA_000002765_genomic:23:B02CBACXX:8:2315:6257:1575	60	False	AGTGCGTCAACTCTAGTACATAAAGATAATTTAGCAGCCAAGGATCTACTTATTCTTCCTTTGAATTTAGGAGCGGTTTGTCCAACTAATGTTGCATGATATATAAGACCATATTTGGGTGTTTTGGATTTGGTTTTTAAGGCTCTGAAG
S3.24.Nop	Plasmodium_reads-R1	CCCAAATATGGTCTTATATATCTTGCAACATTAGTTGGACAAACCGCTCCTAAATTAAAA	1	1.65	Root; d__Eukaryota; Viridiplantae	GCF_000002765.5_GCA_000002765_genomic:23:B02CBACXX:8:2315:2341:4604	60	False	GTTCTACAAAATTACCTAGTGCGTCAACTCTAGTACATAAAGATAATTTAGCAGCCAAGGATCTACTTATTCTTCCTTTTAATTTAGGAGCGGTTTGTCCAACTAATGTTGCAAGATATATAAGACCATATTTGGGTGTTTTGGATTTGG
S3.24.Nop	Plasmodium_reads-R1	CCCAAATATGGTCTTATATATCATGCAACATTAGTTGGACNAACCGCTCCTAAATTAAAA	1	1.65	Root; d__Eukaryota; Viridiplantae	GCF_000002765.5_GCA_000002765_genomic:23:B02CBACXX:8:2315:3536:9796	60	False	ATAATTTAGCAACCAAGGATCTACTTATTCTTCCTTTTAATTTAGGAGCGGTTNGTCCAACTAATGTTGCATGATATATAAGACCATATTTGGGTGTTTTGGATTTGGTTTTTAAGGCTCTGAAGAGAGCTTTTTCTGAACCTAGTATTT
S3.24.Nop	Plasmodium_reads-R1	CCCAAATATGGTCTTATATATCATGCAACATTGGTTGGACAAACCGCTCCTAAATTAAAA	1	1.65	Root; d__Eukaryota; Viridiplantae	GCF_000002765.5_GCA_000002765_genomic:23:B02CBACXX:8:2315:6136:3292	60	False	CTACAAAATTACCTAGTGCGTCAACTCTAGTACATAAAGATAATTTAGCAGCCAAGGATCTACNTATTCTTCCTTTTAATTTAGGAGCGGTTTGTCCAACCAATGTTGCATGATATATAAGACCATATTTGGGTGTTTTGGATTTGGTTT
S3.24.Nop	Plasmodium_reads-R1	CCAAAGTATGGAATCTTATATAACTCTTCATATATATCGAAAACACCAATTCAACTTAAA	1	1.65	Root; d__Eukaryota; Fungi	GCF_000002765.5_GCA_000002765_genomic:23:B02CBACXX:8:2315:4075:3509	60	False	GAAATAAAAAAACACCAAAGTATGGAATCTTATATAACTCTTCATATATATCGAAAACACCAATTCAACTTAAAGGTCGAATGTCAAGATACTTATCTTGTAAAAGTGCGATGGCAGCAAGAATCGATTCATTTTCTGATTATCCCACCA
S3.25.ribosomal_L15e	Plasmodium_reads-R1	GTACGTGTTAGAAGAGGTGATAGAAAAAAAAGAGTTAAAAAAGGTCACGGGATACCCAAA	1	1.76	Root; d__Eukaryota; Metazoa	GCF_000002765.5_GCA_000002765_genomic:23:B02CBACXX:8:2315:7137:4850	66	False	TAAATTTCTTGTTGATTTTTGTTTGTGAACACCTTGGTGTTTGGGTATCCCGTGCACAATACCTTTTTTAACTCTTTTTTTTCTATCACCTCTTCTAACACGTACTCTATAAATCACAAATCCTTGTATGGCCTTATATCCTAAGCGACG
S3.26.ribosomal_L19e	Plasmodium_reads-R1	AAGAGACAACGTGTTCTTAGAAAATTATTAAAAAGATTAAGAGACTCCAAAAAGGTAGAT	1	1.65	Root; d__Eukaryota; Metazoa	GCF_000002765.5_GCA_000002765_genomic:23:B02CBACXX:8:2315:5074:2331	60	False	TCTCTTTGGATAGCTTCTATTAAAGTTCTTTTATTTTTAAATTGGTTTCCCTTACATTTTAAATAAAAGGAGTGATATAAATGTCTATCTACCTTTTTGGAGTCTCTTAATCTTTTTAATAATTTTCTAAGAACACGTTGTCTCTTTATC
S3.26.ribosomal_L19e	Plasmodium_reads-R1	AAGAGACAACGTGTTCTTAGAAGATTATTAAAAAGATTAAGAGACTCCAAAAAGGTAGAT	3	4.95	Root; d__Eukaryota; Metazoa	GCF_000002765.5_GCA_000002765_genomic:23:B02CBACXX:8:2315:5142:6721 GCF_000002765.5_GCA_000002765_genomic:23:B02CBACXX:8:2315:713:7521 GCF_000002765.5_GCA_000002765_genomic:23:B02CBACXX:8:2315:9538:664	60 60 60	False	TAGACATATGGGTATCGGTAAAAGAAAGGGTACCAAAAACGCAAGAACAAATCAAAAAACATTATGGATAAAGAGACAACGTGTTCTTAGAAGATTATTAAAAAGATTAAGAGACTCCAAAAAGGTAGATAGACATTTATATCACTCCTT CTAGCCAAAAGAAAAGGTAGACATATGGGTATCGGTAAAAGAAAGGGTACCAAAAACGCAAGAACAAATCAAAAAACATTATGGATAAAGAGACAACGTGTTCTTAGAAGATTATTAAAAAGATTAAGAGACTCCAAAAAGGTAGATAGA TAGCCAAAAGAATAGGTAGACATATGGGTATCGGTAAAAGAAAGGGTACCAAAAACGCAAGAACAAATCAAAAAACATTATGGATAAAGAGACAACGTGTTCTTAGAAGATTATTAAAAAGATTAAGAGACTCCAAAAAGGTAGATAGAC
S3.29.ribosomal_L32e	Plasmodium_reads-R1	TATGTTGTTAAAAACGTAAAAGAAATGGAACCATTAAACCATACTAAATACTGTGTACAA	1	1.76	Root; d__Eukaryota; Metazoa	GCF_000002765.5_GCA_000002765_genomic:23:B02CBACXX:8:2315:9679:2583	66	False	GCCAAGTATTGGATATGGTAGTAATAAGAAAACCAAATTTTTATTACCAAATAATAAGTACAAATATGTTGTTAAAAACGTAAAAGAAATGGAACCATTAATTATGAACCATACTAAATACTGTGTACAAATTGCTCATANCGTATCAAG
S3.2.ribosomal_protein_L3_rplC	Plasmodium_reads-R1	ATAGATGTTATCAGTGTAACCAAAGGACATGGTACGAAAGGTGTTGTAAGCAGATATGGT	5	8.24	Root; d__Eukaryota; Fungi	GCF_000002765.5_GCA_000002765_genomic:23:B02CBACXX:8:2315:1188:3013 GCF_000002765.5_GCA_000002765_genomic:23:B02CBACXX:8:2315:4191:1685 GCF_000002765.5_GCA_000002765_genomic:23:B02CBACXX:8:2315:4249:4034 GCF_000002765.5_GCA_000002765_genomic:23:B02CBACXX:8:2315:657:3369 GCF_000002765.5_GCA_000002765_genomic:23:B02CBACXX:8:2315:9834:3086	60 60 60 60 60	False	AATGTTAGAAAAGAATCTACCTGTATCTACCGTATTTAACCCTAATGAAATGATAGATGTTATCAGTGTAACCAAAGGACATGGTACGAAAGGTGTTGTAAGCAGATATGGTGTTANAAGATTACCCAGAAAAATACACAGAGGTTTAAG GTGGATCTATGAAAGAAAAACTTGAATTTGTTAAAGAAATGTTAGAAAAGAATCTACCTGTATCTACCGTATTTAACCCTAATGAAATGATAGATGTTATCAGTGTAACCAAAGGACATGGTACGAAAGGTGTTGTAAGCAGATATGGTG AATGTTAGAAAAGAATCTACCTGTATCTTCCGTATTTAACCCTAATGAAATGATAGATGTTATCAGTGTAACCAAAGGACATGGTACGAAAGGTGTTGTAAGCAGATATGGTGNTAAAAGATTACCCAGAAAAACACACAGAGGTTTAAG AGAAAAACTTGAATTTGTTAAAGAAATGTTAGAAAAGAATCTACCTGTATCTACCGTATTTAACACTAATGAAATGATAGATGTTATCAGTGTAACCAAAGGACATGGTACGAAAGGTGTTGTAAGCAGATATGGTGTTAAAAGATTACC AAGAAATGTTAGAAAAGAATCTACCTGTATCTACCGTATTTAACCCTAATGAAATGATAGATGTTATCAGTGTAACCAAAGGACATGGTACGAAAGGTGTTGTAAGCAGATATGGTGTTAAAAGATTACCCAGAAAAACACACAGAGGTT
S3.2.ribosomal_protein_L3_rplC	Plasmodium_reads-R1	TTATTTATAAGTTCTGGGATAAAAAATAAAGGCTTTTGTGGTGCTATGAAAAAATGGAAT	2	3.30	Root; d__Bacteria	GCF_000002765.5_GCA_000002765_genomic:23:B02CBACXX:8:2315:6798:4564 GCF_000002765.5_GCA_000002765_genomic:23:B02CBACXX:8:2315:9198:4550	60 60	False	TACGCTTCCTAAACTACGATGTGCTTTACTTTCTGTTCCATGAGATTTATTTTTACCACTAAAATTCCATTTTTTCATAGCACCACAAAAGCCTTTATTTTTTATCCCAGAACTTATAAATAAATTTTGTCCAGGAGAAAAATGGCGACA AACTACGATGTGCTTTACTTTCTGTTCCGTGAGATTTATTTTTACCACTAAAATTCCATTTTTTCATAGCACCACAAAAGCCTTTATTTTTTATCCCAGAACTTATAAATAAATTTTGTCCAGGAGAAAAATGGCGACAAGAAAATTTAT
S3.31.ribosomal_S24e	Plasmodium_reads-R1	AAAACATTATTCGGTGGAGGAAGAACTAAAGGATTTGGATTAATTTATAAAAATGTTGAT	2	3.30	Root; d__Eukaryota; Fungi	GCF_000002765.5_GCA_000002765_genomic:23:B02CBACXX:8:2315:372:8488 GCF_000002765.5_GCA_000002765_genomic:23:B02CBACXX:8:2315:8546:793	60 60	False	CAAAAATGTATAAATTAAATAATGTCAACACCATAGTGTTATTTGGATTTAAAACATTATTCGGTGGAGGAAGAACTAAAGGATTTGGATTAATTTATAAAAATGTTGATGCTGTCAAAAAATTTGAAAAAAAATACAGACTTGTTAGAG CAGCTTTGGTTTCTTTATCTATCAAGCCTTCTCTAACAAGTCTGTATTTTTTTTCAAATTTTTTGACAGCATCAACATTTTTATAAATTAATCCAAATCCTTTAGTTCTTCCTCCACCGAATAATGTTTTAAATCCAAATAACACTATGG
S3.31.ribosomal_S24e	Plasmodium_reads-R1	AAAACATTATTCGGTGGAGGAAGAACTAAAGGATTTGGATTAATTTATAAAANTGTTGAT	1	1.65	Root; d__Eukaryota; Fungi	GCF_000002765.5_GCA_000002765_genomic:23:B02CBACXX:8:2315:1697:353	60	False	TCTAACAAGTCTGTATTTTTTTTCAAATTTTTTGACAGCATCAACANTTTTATAAATTAATCCAAATCCTTTAGTTCTTCCTCCACCGAATAATGTTTTAAATCCAAATAACACTATGGTGTTGACATTATTTAATTTATACATTTTTGC
S3.32.ribosomal_S28e	Plasmodium_reads-R1	GAAAAGGTTTTAGGAAGAACAGGAAGCAGAGGAGGTGTTATTCAGGTAAGGGCACAATTT	1	1.65	Root; d__Eukaryota; Fungi	GCF_000002765.5_GCA_000002765_genomic:23:B02CBACXX:8:2315:9601:2874	60	False	TAATTATACTTAATAAATAATGGAAAAATCAAAATTAGCAAAAGTTGAAAAGGTTTTAGGAAGAACAGGAAGCAGAGGAGGTGTTATTCAGGTAAGGGCACAATTTATGGGAGATTCTGAATTAGCAGGAAGATTCTTAATTAGGAATGT
S3.33.ribosomal_S4e	Plasmodium_reads-R1	AAGTATGCCTTAACTTTTGATGAAGTAAAGATGATATTAATTCAGGAGATTGTGAAAGTT	1	1.65	Root; d__Eukaryota; Metazoa	GCF_000002765.5_GCA_000002765_genomic:23:B02CBACXX:8:2315:9373:3331	60	False	AGACGGAAATATTCATTCGATTTTGTTATGTGAATCACATCCATCAAACCAACTGGAAATGTACAATCAGTTCTTACCTTATTGTCAACTTTCACAATCTCCTGAATTAATATCATCTTTACTTCATCAAAAGTTAAGGCATACTTCAAA
S3.33.ribosomal_S4e	Plasmodium_reads-R1	AAGTATGCCTTAACTTTTGATGAAGTAAAGATGATATTAATTCAGAAGATTGTGAAAGTT	2	3.30	Root; d__Eukaryota; Metazoa	GCF_000002765.5_GCA_000002765_genomic:23:B02CBACXX:8:2315:4882:9845 GCF_000002765.5_GCA_000002765_genomic:23:B02CBACXX:8:2315:9836:1420	60 60	False	AATATTGTTAAGAAATCGTTTGAAGTATGCCTTAACTTTTGATGAAGTAAAGATGATATTAATTCAGAAGATTGTGAAAGTTGACAATAAGGTAAGAACTGATTGTACATTTCCAGTTGGTTTGATGGATGTGATTCACATAACAAAATC AAGAAATCGTTTGAAGTATGCCTTAACTTTTGATGAAGTAAAGATGATATTAATTCAGAAGATTGTGAAAGTTGACAATAAGGTAAGAACTGATTGTACATTTCCAGTTGGTTTGATGGATGTGATTCACATAACAAAATCGAATGAATA
S3.34.ribosomal_S6e	Plasmodium_reads-R1	TTTAGAATCACTGGAGGTAATGATAAACAAGGTTTTCCTATGATTCAGGGTGTGTTAACT	2	3.30	Root; d__Eukaryota	GCF_000002765.5_GCA_000002765_genomic:23:B02CBACXX:8:2315:1929:3425 GCF_000002765.5_GCA_000002765_genomic:23:B02CBACXX:8:2315:9796:5274	60 60	False	ACACGATTATTAGTTAACACACCCTGAATCATAGGAAAACCTTGTTTATCATTACCTCCAGTGATTCTAAATACATAACCCGTAAATTCTTCGCCTATTGAATCTCCAGGTACAGCATTTCCTATCCTCTTTTCCATTAAAGGTAATAAC TCAATAGGCGAAGAATTTACGGGTTATGTATTTAGAATCACTGGAGGTAATGATAAACAAGGTTTTCCTATGATTCAGGGTGTGTTAACTAATAATCGTGTTCGTTTATTATTTAAGAAAGGTATGAAATGTTATAGACCCAGGAAAAAG
S3.35.RNA_SBDS	Plasmodium_reads-R1	TTACATGAAATGAGTGTAAACCCTCAGACGGGCTACCCTATTTCAACAAATATGATTGAA	1	1.65	Root; d__Archaea; p__Nanoarchaeota; c__Nanoarchaeia; o__Woesearchaeales; f__B54-G15; g__B54-G15; s__B54-G15 sp003648985	GCF_000002765.5_GCA_000002765_genomic:23:B02CBACXX:8:2315:1792:8517	60	False	GTAGGCACCCTACAAATAAGTAACAAAGAAAGAGCCATACTAAAAGAAAAAATTTACAAGGATATGATTGAAATATTACATGAAATGAGTGTAAACCCTCAGACGGGCTACCCTATTTCAACAAATATGATTGAAAGTCAGTGTGAAACT
S3.37.uS4_arch	Plasmodium_reads-R1	GCAAGAGTATTAATAAGACAAAGACATATAAGAGTTGGTAAACAAATGGTTGATATTCCA	2	3.30	Root; d__Eukaryota	GCF_000002765.5_GCA_000002765_genomic:23:B02CBACXX:8:2315:8173:7290 GCF_000002765.5_GCA_000002765_genomic:23:B02CBACXX:8:2315:8759:773	60 60	False	TTCGGAATCAACACGAACTAAGAATGATGGAATATCAACCATTTGTTTACCAACTCTTATATGTCTTTGTCTTATTAATACTCTTGCATGATGTACAGATTTTGCTAATCCAAGTTTAAAAACTTTAGTTTGTAATCTCCTCTCTAATAA TCAACACGAACTAAGAATGATGGAATATCAACCATTTGTTTACCAACTCTTATATGTCTTTGTCTTATTAATACTCTTGCATGATGTACAGATTTTGCTAATCCAAGTTTAAAAACTTTAGTTTGTAATCTCCTCTCTAATAATTTTGGC
S3.37.uS4_arch	Plasmodium_reads-R1	GCAAGAGTATTAACAAGACAAAGACATATAAGAGTTGGTAAACAAATGGTTGATATTGCA	1	1.65	Root; d__Eukaryota	GCF_000002765.5_GCA_000002765_genomic:23:B02CBACXX:8:2315:9595:1114	60	False	ATCAACACGAACTAAGAATGATGCAATATCAACCATTTGTTTACCAACTCTTATATGTCTTTGTCTTGTTAATACTCTTGCATGATGTACAGATTTTGCTAATCCAAGTTTAAAAACTTTAGTTTGTAATCTCCTCTCTAATAATTTTGG
S3.37.uS4_arch	Plasmodium_reads-R1	GCCATAACATATATTCAGCATGGAAATATAAGAATTGGAAATAACGTAATAAATAATCCT	1	1.65	Root; d__Archaea; p__Nanoarchaeota; c__Nanoarchaeia; o__Pacearchaeales; f__GW2011-AR1; g__RBG-13-33-26; s__RBG-13-33-26 sp012798335	GCF_000002765.5_GCA_000002765_genomic:23:B02CBACXX:8:2315:8210:4171	60	False	CCATTTTATATGATCTTCCATATTTCTATTTATATGAAAAGAAGGATTATTTATTACGTTATTTCCAATTCTTATATTTCCATGCTGAATATATGTTATGGCTAGCTTAATTGTTTGAACAAATTTTAACCTGAACAGTAAGACAGCTAG
S3.3.ribosomal_protein_L14b_L23e_rplN	Plasmodium_reads-R1	GCTTTTGTTATGATTTCTAAAAATAAA---TTAAAAGCCACAAAAATTAAAGGACCAGTA	3	4.79	Root; d__Bacteria; p__Bacteroidota; c__Bacteroidia; o__Flavobacteriales; f__BACL11; g__GCA-2716345	GCF_000002765.5_GCA_000002765_genomic:23:B02CBACXX:8:2315:5510:1077 GCF_000002765.5_GCA_000002765_genomic:23:B02CBACXX:8:2315:7930:7401 GCF_000002765.5_GCA_000002765_genomic:23:B02CBACXX:8:2315:9520:4222	57 57 57	False	AAGGTATTATTGTTAGAAGAAAAAAAGAAACGAAAAGAAAAGATGGTAGTTATATTAAATTTGATGATAACGCTTTTGTTATGATTTCTAAAAATAAATTAAAAGCCACAAAAATTAAAGGACCAGTAGCAATGGAAACACGTCATAATT TATATTGGATANATTAGAAAATATACCTAGCCAAGTTTCTACAATTATGACGTGTTTCCATTGCTACTGGTCCTTTAATTTTTGTGGCTTTTAATTTATTTTTAGAAATCATAACAAAAGCGTTATCATCAAATTTAATAGAACTACCAT TATATATATTGGATATATTAGAAAATATACCTAGCCAAGTTTCTACAATTATGACGTGTTTCCATTGCTACTGGTCCTTTAATTTTTGTGGCTTTTAATTTATTTTTAGAAATCATAACAAAAGCGTTATCATCAAATTTAATATAACTA
S3.3.ribosomal_protein_L14b_L23e_rplN	Plasmodium_reads-R1	GCTGGTGTTATAGTTAATCCTAAAGGAGAAATGAAAAGATCTGCTATCACCGGACCTGTT	1	1.65	Root; d__Eukaryota; Fungi	GCF_000002765.5_GCA_000002765_genomic:23:B02CBACXX:8:2315:977:2041	60	False	AAAGTTTTGAATGCTATTATTTGTCGTCAATCAAAAGCCTGGAGAAGACATGAAGGTTATTATATTTATTTTGAAGATAACGCTGGTGTTATAGTTAATCCTAAAGGAGAAATGAAAAGATCTGCTATCACCGGACCTGTTGCTAGAGAA
S3.3.ribosomal_protein_L14b_L23e_rplN	Plasmodium_reads-R1	GCTGGTGTTATAGTTAATCCTAAAGGAGAAATGAAAGGATCTGCTATCACCGGACCTGTT	6	9.89	Root; d__Eukaryota; Fungi	GCF_000002765.5_GCA_000002765_genomic:23:B02CBACXX:8:2315:2955:3994 GCF_000002765.5_GCA_000002765_genomic:23:B02CBACXX:8:2315:3625:3000 GCF_000002765.5_GCA_000002765_genomic:23:B02CBACXX:8:2315:4901:8446 GCF_000002765.5_GCA_000002765_genomic:23:B02CBACXX:8:2315:4944:7947 GCF_000002765.5_GCA_000002765_genomic:23:B02CBACXX:8:2315:8437:233 GCF_000002765.5_GCA_000002765_genomic:23:B02CBACXX:8:2315:8797:5552	60 60 60 60 60 60	False	AAATGTAAATTTATTAAACAATAGCAGAAGCTGCTGATGATAATTTTGGCCACAACTCAGCACATTCTCTAGCAACAGGTCCGGTGATAGCAGATCCTTTCATTTCTCCTTTAGGATTAACTATAACACCAGCGTTATCTTCAAAATAAA GAAGACATGAAGGTTATGATATTTATTTTGAAGATAACGCTGGTGTTATAGTTAATCCTAAAGGAGAAATGAAAGGATCTGCTATCACCGGACCTGTTGCTAGAGAATGTGCTGAGTTGTGGCCAAAATTATCATCAGCAGCTTCTGCTA ATTCTCTAGCAACAGGTCCGGTGATAGCAGATCCTTTCATTTCTCCTTTAGGATTAACTATAACACCAGCGTTATCTTCAAAATAAATATAATAACCTTCATGTCTTCTCCAGGCTTTTGATTGACGACAAATAATAGCATTCAAAACTT ATGATAATTTTGGCCACAACTCAGCACATTCTCTAGCAACAGGTCCGGTGATAGCAGATCCTTTCATTTCTCCTTTAGGATTAACTATAACACCAGCGTTATCTTCAAAATAAATATAATAACCTTCATGTCTTCTCCAGGCTTTTGATT AAGCCTGGAAAAGACATGAAGGTTATTATATTTATTTTGAAGATAACGCTGGTGTTATAGTTAATCCTAAAGGAGAAATGAAAGGATCTGCTATCACCGGACCTGTTGCTAGAGAATGTGCTGAGTTGTGGCCAAAATTATCATCAGCAG GAAAGAAAGTTTTGAATGCTATTATTTGTCGTCAATCAAAAGCCTGGAGAAGACATGAAGGTTATTATATTTATTTTGAAGATAACGCTGGTGTTATAGTTAATCCTAAAGGAGAAATGAAAGGATCTGCTATCACCGGACCTGTTGCTA
S3.41.ribosomal_protein_S10_rpsJ	Plasmodium_reads-R1	GTAAGATTACCAGTAAAAACCTTAAGAATAACTACCAGAAAATCACCATGCGGAGAAACA	2	3.41	Root; d__Eukaryota; Metazoa	GCF_000002765.5_GCA_000002765_genomic:23:B02CBACXX:8:2315:351:5821 GCF_000002765.5_GCA_000002765_genomic:23:B02CBACXX:8:2315:9200:4886	63 63	False	ATCCCATGTATTTGTACCTTCTCCGCATGGTGATTTTCTGGTAGTTATTCTTAAGGTTTTTACTGGTAATCTTACAGGTCCTGATACATTCAAATTTTTTTCTTTAGCTCCTTTCATTATATCACTGCATACTGTAATAAAACGAAAAAA ATCAATAAGTCTTTTATAGATTCTTAATTCAAATCTATCCCATGTATTTGTACCTTCTCCGCATGGTGATTTTCTGGTAGTTATTCTTAAGGTTTTTACTGGTAATCTTACAGGTCCTGATGCATTCAAATTTTTTTCTTTAGCTCCTTT
S3.41.ribosomal_protein_S10_rpsJ	Plasmodium_reads-R1	GTAAGATTACCAGTAAAAACCTTAAGAATAACTACCAGAAAATCACCNTGCGGAGAAACA	1	1.70	Root; d__Eukaryota; Metazoa	GCF_000002765.5_GCA_000002765_genomic:23:B02CBACXX:8:2315:472:233	63	False	ATATATTCTTAATTCAAATCTATCCCATGTATTTGTACCTTCTCCGCANGGTGATTTTCTGGTAGTTATTCTTAAGGTTTTTACTGGTAATCTTACAGGTCCTGATACATTCAAATTTTTTTCTTTAGCTCCTTTCATTATATCACTGCA
S3.43.TIGR00042	Plasmodium_reads-R1	ATAACAGACGATACAGGATTATTTATAAGCAAATTGAATAATTTCCCAGGACCATACATG	7	11.54	Root; d__Eukaryota; Sar	GCF_000002765.5_GCA_000002765_genomic:23:B02CBACXX:8:2315:2306:4352 GCF_000002765.5_GCA_000002765_genomic:23:B02CBACXX:8:2315:2889:1178 GCF_000002765.5_GCA_000002765_genomic:23:B02CBACXX:8:2315:3802:9296 GCF_000002765.5_GCA_000002765_genomic:23:B02CBACXX:8:2315:4382:1725 GCF_000002765.5_GCA_000002765_genomic:23:B02CBACXX:8:2315:4588:189 GCF_000002765.5_GCA_000002765_genomic:23:B02CBACXX:8:2315:7723:4262 GCF_000002765.5_GCA_000002765_genomic:23:B02CBACXX:8:2315:9750:4920	60 60 60 60 60 60 60	False	TAATATATTAAAGAAACAAGATAACAATAAAAATAAAAAACGTTATGTGATAACAGACGATACAGGATTATTTATAAGCAAATTGAATAATTTCCCAGGACCATACATGTATAAATAATATTAACAAAAAAAATATATATCATTTGTTAT TATATATATATATATATAACAAATGATATATATTTTTTTTGTTAATATTATTTATACATGTATGGTCCTGGGAAATTATTCAATTTGCTTATAAATAATCCTGTATCGTCTGTTATCACATAACGTTTTTTATTTTTATTGTTATCTTGT ATATATATATATATATATAACAAATGATATATATTTTTTTTGTTAATATTATTTATACATGTATGGTCCTGGGAAATTATTCAATTTGCTTATAAATAATCCTGTATCGTCTGTTATCACATAACGTTTTTTATTTTTATTGTTATCTTG AAGTAAAAACTGCTTATAATATATTAAAGAAACAAGATAACAATAAAAATGAAAAACGTTATGTGATAACAGACGATACAGGATTATTTATAAGCAAATTGAATAATTTCCCAGGACCATACATGCATCAATAATATTAACAAAAAAAAT ATATATTAAAGAAACAAGATAACAATAAAAATAAAAAACGTTATGTGATAACAGACGATACAGGATTATTTATAAGCAAATTGAATAATTTCCCAGGACCATACATGTATAAATAATATTAACAAAAAAAATATATATCATTTGTTATAT AAAACTGCTTATAATATATTAAAGAAACAAGATAACAATACAAATAAAAAACGTTATGTGATAACAGACGATACAGGATTATTTATAAGCAAATTGAATAATTTCCCAGGACCATACATGTATAAATAATATTAACAAAAAAAATATATA TATATNTTTTTTGTTAATATTATTTATACATGTATGGTCCTGGGAAATTATTCAATTTGCTTATAAATAATCCTGTATCGTCTGTTATCACATAACGTTTTTTATTTTTATTGTTATCTTGTTTCTTTAATATATTATAAGCAGTTTTTA
S3.43.TIGR00042	Plasmodium_reads-R1	ATAACAGACGATACAGGATTATTGATAAGCAAATTGAATAATTTCCCAGGACCATACATG	1	1.65	Root; d__Eukaryota; Sar	GCF_000002765.5_GCA_000002765_genomic:23:B02CBACXX:8:2315:4759:8159	60	False	TATACATGTATGGTCCTGGGAAATTATTCAATTTGCTTATCAATAATCCTGTATCGTCTGTTATCCCATAACGTTTTTTATTTTTATTGTTATCTTGTTTCTTTAATATATTATAAGCAGTTTTTACTTTATGTTCGTTAATTTCTACTA
S3.44.alaS	Plasmodium_reads-R1	TTACGTTTCGATTTTTCATTTATCGAAAATATTAACATTGATGCAATTACCAAAATTGAA	4	6.59	Root; d__Bacteria	GCF_000002765.5_GCA_000002765_genomic:23:B02CBACXX:8:2315:2196:1830 GCF_000002765.5_GCA_000002765_genomic:23:B02CBACXX:8:2315:4491:5240 GCF_000002765.5_GCA_000002765_genomic:23:B02CBACXX:8:2315:5455:1525 GCF_000002765.5_GCA_000002765_genomic:23:B02CBACXX:8:2315:8958:666	60 60 60 60	False	AAAGGTTCCTTAGTAGATGATGAAAAATTACGTTTCGATTTTTCATTTATCGAAAATATTAACATTGATGCAATTACCAAAATTGAAAACGAAATTAATAAATTGATTAAGGAAGAATTAAACGTTACTGTCAAAACGATGGATTTAGAC ATTTTTACTTGTGAACAAAAAGGTTCCTTAGTAGATGATGAAAAATTACGTTTCGATTTTTCATTTATCGAAAATATTAACATTGATGCAATTACCAAAATTGAAAACGAAATTAATAAATTGATTAAGGAAGAATTAAACGTTACTGTC TCCATCGTTTTGACAGTAACGTTTAATTCTTCCTTAATCAATTTATTAATTTCGTTTTCAATTTTGGTAATTGCATCAATGTTAATATTTTCGATAAATGAAAAATCGAAACGTAATTTTTCATCATCTACTAAGGAACCTTTTTGTTCA AATTACGTTTCGATTTTTCATTTATCGAAAATATTAACATTGATGCAATTACCAAAATTGAAAACGAAATTAATAAATTGATTAAGGAAGAATTAAACGTTACTCTCAAAACGATGGATTTAGATGAAAGCAAAAAAATTAAAGGAATCA
S3.48.rplD_bact	Plasmodium_reads-R1	AAGAATAAAAGTAAAGTATATTTTAGTAATAAAAAAATAAGAGTACAAAAAGGGCTAGGA	1	1.65	Root; d__Bacteria; p__Patescibacteria; c__Microgenomatia; o__Daviesbacterales; f__UBA10151; g__GWC1-40-9; s__GWC1-40-9 sp000997385	GCF_000002765.5_GCA_000002765_genomic:23:B02CBACXX:8:2315:4972:3948	60	False	ATCTAGCTTTTCCTAGCCCTTTTTGTACTCTTATTTTTTTATTACTAAAATATACTTTACTTTTATTCTTAGTATGTTTATACATATAAATATTATATATATATAAATATTTTATAATATAAATTATTAATTTACATATTTTAATATAAT
S3.49.rplO_bact	Plasmodium_reads-R1	AAAAAAAAAAGAAGAAAAGGAAGAGGTGTAGGAAGTAAAAGAGGTGGATCGTGTGGAAGA	3	4.95	Root; d__Bacteria; p__Proteobacteria; c__Gammaproteobacteria; o__Enterobacterales	GCF_000002765.5_GCA_000002765_genomic:23:B02CBACXX:8:2315:4624:6357 GCF_000002765.5_GCA_000002765_genomic:23:B02CBACXX:8:2315:961:5552 GCF_000002765.5_GCA_000002765_genomic:23:B02CBACXX:8:2315:9941:9106	60 60 60	False	TGTCCTCCTTCAAATCCTATANGTATGGAACCACCACTTCTATTTTTTTGTCCTTTCATACCTCTTCCACACGATCCACCTCTTTTACTTCCTACACCTCTTCCTTTTCTTCTTTTTTTTTTTTCTCCAAGGGAAGGTAAATTGAATGGT CCTTGGAGAAAAAAAAAAAAGAAGAAAAGGAAGAGGTGTAGGAAGTAAAAGAGGTGGATCGTGTGGAAGAGGTATGAAAGGACAAAAAAGTAGAAGTGGTGGTTCCATACCTATAGGATTTGAAGGAGGACAAACTCCATTATATAGAAA CCTATGGGTATGGAACCACCACTTCTACTTTTTTGTCCTTTCATACCTCTTCCACACGATCCACCTCTTTTACTTCCTACACCTCTTCCTTTTCTTCTTTTTTTTTTTTCTCCAAGGGAAGGTAAATTGAATGGTGAAAAGAAATATTCA
S3.4.ribosomal_protein_L16_L10E_rplP	Plasmodium_reads-R1	AGAATACATCCTTTCCACGTTTTAAGAATTAATAAGATGTTGTCATGTGCAGGAGCTGAT	4	6.59	Root	GCF_000002765.5_GCA_000002765_genomic:23:B02CBACXX:8:2315:3799:7018 GCF_000002765.5_GCA_000002765_genomic:23:B02CBACXX:8:2315:4838:1827 GCF_000002765.5_GCA_000002765_genomic:23:B02CBACXX:8:2315:6093:6889 GCF_000002765.5_GCA_000002765_genomic:23:B02CBACXX:8:2315:8515:7451	60 60 60 60	False	AAGAATACATCCTTTCCACGTTTTAAGAATTAATAAGATGTTGTCATGTGCAGGAGCTGATAGACTTCAAACTGGTATGAGAGGAGCCTTCGGTAAACCTAATGGTGTTGTGGCTAGAGTAGATATTGGTCAAGTGTTACTTTCCATAAG ATTTCCACTTAAGAGTAAGAATACATCCTTTCCACGTTTTAAGAATTAATAAGATGTTGTCATGTGCAGGAGCTGATAGACTTCAAACTGGTATGAGAGGAGCCTTCGGTAAACCTAATGGTGTTGTGGCTAGAGTAGATATTGGTCAAG CTCTAGCCACAACACCATTAGGTTTACCGAAGGCTCCTCTCATACCAGTTTGAAGTCTATCAGCTCCTGCACATGACAACATCTTATTAATTCTTAAAACGTGGAAAGGATGTATTCTTACTCTTAAGTGGAAATTATCTTTACCACAAT TTAGTGCAAACAAATATATGATTACCAATTGTGGTAAAGATAATTTCCACTTAAGAGTAAGAATACATCCTTTCCACGTTTTAAGAATTAATAAGATGTTGTCATGTGCAGGAGCTGATAGACTTCAAACTGGTATGAGAGGANCCTTCG
S3.4.ribosomal_protein_L16_L10E_rplP	Plasmodium_reads-R1	GATGTTCATGCAACTTATAGTGTAACAAAAAAACCTGATGGAACAAAAATGGGACAAGGT	2	3.30	Root; d__Bacteria; p__Chloroflexota; c__Anaerolineae	GCF_000002765.5_GCA_000002765_genomic:23:B02CBACXX:8:2315:4378:8504 GCF_000002765.5_GCA_000002765_genomic:23:B02CBACXX:8:2315:6000:2016	60 60	False	TGAAACAAACAATACGTAAGTATTTAGGAAAGAAAAAAGAATATTTGATTGATGTTCATGCAACTTATAGTGTAACAAAAAAACCTGATGGAACAAAAATGGGACAAGGTAAAGGAATCATTGATCATTTTGTAGCTAGAGTACCTTCAG TACAAAATGATCAATGATTCCTTTACCTTGTCCCATTTTTGTTCCATCAGGTTTTTTTGTTACACTATAAGTTGCATGAACATCAATCAAATATTCTTTTTTCTTTCCTAAATACTTACGTATTGTTTGTTTCATTTCAGCTAATTTTTC
S3.4.ribosomal_protein_L16_L10E_rplP	Plasmodium_reads-R1	TGTATAAGATGTATAAAATCATTAACTAAAAAATCTTTAAAAACTAGAATGGGATCAGGA	1	1.65	Root; d__Bacteria; p__Dependentiae; c__Babeliae; o__Babeliales; f__Babeliaceae; g__UBA12474; s__UBA12474 sp007116155	GCF_000002765.5_GCA_000002765_genomic:23:B02CBACXX:8:2315:1770:9598	60	False	CTAAATAAATATTTAAAAAAAATAGGAGTATATAAAATTTGTATAAGATGTATAAAATCATTAACTAAAAAATCTTTAAAAACTAGAATGGGATCAGGAAAAGGATCTATAGAATTATATGTAAGTCCTATAAAAAAAAATAAGTTATTA
S3.51.rplV_bact	Plasmodium_reads-R1	ACTCTCCAAGCTAATATGGGAGGATATACTAAAAAAATTAATATTAGGGCACGGGGAAAA	3	4.95	Root; d__Bacteria; p__Firmicutes_A; c__Clostridia_A; o__Christensenellales; f__UBA1242; g__UBA4647; s__UBA4647 sp002438625	GCF_000002765.5_GCA_000002765_genomic:23:B02CBACXX:8:2315:4657:2215 GCF_000002765.5_GCA_000002765_genomic:23:B02CBACXX:8:2315:8216:4537 GCF_000002765.5_GCA_000002765_genomic:23:B02CBACXX:8:2315:9524:2738	60 60 60	False	TGCTATTAATAAATATGGAAGAAATAACATAAAACCTGTTTTCCATACTCTCCAAGCTAATATGGGAGGATATACTAAAAAAATTAATATTAGGGCACGGGGAAAAACAGATATCATAAGAGAACCCCATACACATATTCGTGTCGTTTT TGTCTACATAATGCTATTAATAAATATGGAAGAAATAACATAAAACCTGTTTTCCATACTCTCCAAGCTAATATGGGAGGATATACTAAAAAAATTAATATTAGGGCACGGGGAAAAACAGATATCATAAGAGAACCCCATACACATATT ATTTTTATTATATTTAAACTTCTAAAACGACACGAATATGTGTATGGGGTTCTCTTATGATATCTGTTTTTCCCCGTGCCCTAATATTAATTTTTTTAGTATATCCTCCCATATTAGCTTGGAGAGTATGGAAAACAGGTTTTATGTTAT
S3.54.serS	Plasmodium_reads-R1	AGAAAAGAAGCAGGGGCACATGGAAAGGATATTAGAGGAATTTTACGTGTTCATCAATTT	4	6.59	Root; d__Bacteria; p__Patescibacteria; c__UBA1384; o__XYA2-FULL-43-10; f__CAINNR01; g__CAINNR01; s__CAINNR01 sp903851235	GCF_000002765.5_GCA_000002765_genomic:23:B02CBACXX:8:2315:3544:7961 GCF_000002765.5_GCA_000002765_genomic:23:B02CBACXX:8:2315:5988:9740 GCF_000002765.5_GCA_000002765_genomic:23:B02CBACXX:8:2315:809:5430 GCF_000002765.5_GCA_000002765_genomic:23:B02CBACXX:8:2315:9077:2316	60 60 60 60	False	TATGTTGTGGTAAAGCAATACAGAATTGTTCCACTTTATCAAATTGATGAACACGTAAAATTCCTCTAATATCCTTTCCATGTGCCCCTGCTTCTTTTCTAAAACAAGATGAGAATCCAGCGTATTTGAGTGGTAACCTTTTTGATTCTA ATGTGCTTTACATAAAGATGAAACTATAGAATCAAAAAGGTTACCACTCAAATACGCTGGATTCTCATCTTGTTTTAGAAAAGAAGCAGGGGCACATGGAAAGGATATTAGAGGAATTTTACGTGTTCATCAATTTGATAAAGTGGAACA TGTATTTTATTACTATGTTGTGGTAAAGCAATACAGAATTGTTCCACTTTATCAAATTGATGAACACGTAAAATTCCTCTAATATCCTTTCCATGTGCCCCTGCTTCTTTTCTAAAACAAGATGAGAATCCAGCGTATTTGAGTGGTAAC AAGGTTACCACTCAAATACGCTGGATTCTCATCTTGTTTTAGAAAAGAAGCAGGGGCACATGGAAAGGATATTAGAGGAATTTTACGTGTTCATCAATTTGATAAAGAGGAACAATTCAGTATTGCTTTACCACAACATAGTAATAAAAT
S3.54.serS	Plasmodium_reads-R1	AGAACCGAAAAAAATACTTACGGAAAAACATCAAAAGGATTATTACGAGAACATATTTTT	1	1.70	Root; d__Eukaryota; Sar	GCF_000002765.5_GCA_000002765_genomic:23:B02CBACXX:8:2315:8594:7340	63	False	ATAGTCAAATTGATTATATACATCTACCCATAAAATTAGTTAGCCATTCTTCTTGTTTTAGAACCGAAAAAAATAATACTTACGGAAAAACATCAAAAGGATTATTACGAGAACATATTTTTCAAAAAGTAGAATTAATAAATATAACCG
S3.54.serS	Plasmodium_reads-R1	AGAACCGAAAAAAATACTTACGGAAAAACACCAAAAGGATTATTACGAGAACATATTTTT	1	1.70	Root; d__Eukaryota; Sar	GCF_000002765.5_GCA_000002765_genomic:23:B02CBACXX:8:2315:313:8695	63	False	CATAAAATTAGTTAGCCATTCTTCTTGTTTTAGAACCGAAAAAAATAATACTTACGGAAAAACACCAAAAGGATTATTACGAGAACATATTTTTCAAAAAGTAGAATTAATAAATATAACCGATAAAAAAACATCTCCTTTTTATTATTA
S3.54.serS	Plasmodium_reads-R1	AGAACCGAAAAAAATACTNACGGAAAAACATCAAAAGGATTATTACGAGAACATATTTTT	1	1.70	Root; d__Eukaryota; Sar	GCF_000002765.5_GCA_000002765_genomic:23:B02CBACXX:8:2315:4852:6792	63	False	TAGCCATTCTTCTTGTTTTAGAACCGAAAAAAATAATACTNACGGAAAAACATCAAAAGGATTATTACGAGAACATATTTTTCAAAAAGTAGAATTAATAAATATAACCGATAAAAAAACATCTCCTTTTTATTATAAAAAATTAATTAA
S3.54.serS	Plasmodium_reads-R1	AGAAAAGAAGCGGGGGCACATGGAAAGGATATTAGAGGAATTTTACGTGTTCATCAATTT	1	1.65	Root; d__Bacteria	GCF_000002765.5_GCA_000002765_genomic:23:B02CBACXX:8:2315:6322:1827	60	False	CTTTTCATAAAGATGAAACTATAGAATCAAAAAGGTTACCACTCAAATACGCTGGATTCTCATCTTGTTTTAGAAAAGAAGCGGGGGCACATGGAAAGGATATTAGAGGAATTTTACGTGTTCATCAATTTGATAAAGTGGAACAATTCT
S3.54.serS	Plasmodium_reads-R1	AGAACCGAAAACAATACTTACGGAAAAACATCAAAAGGATTATTACGAGAACATATTTTT	1	1.70	Root; d__Eukaryota; Sar	GCF_000002765.5_GCA_000002765_genomic:23:B02CBACXX:8:2315:2530:1311	63	False	TTTGAAAAATATGTTCTCGTAATAATCCTTTTGATGTTTTTCCGTAAGTATTATTGTTTTCGGTTCTAAAACAAGAAGAATGGCTAACTAATTTTATGGGTAGATGGATATAATCAATTTGACTATTCTTAAATAAATTTAATAATGAGA
S3.55.TIGR00006	Plasmodium_reads-R1	CAATTAAAATGTTGTGATAGAGGATTCAGCTATAAATATAATGGTATCTTAGATATGAAT	2	3.30	Root; d__Bacteria; p__Firmicutes_A; c__Clostridia	GCF_000002765.5_GCA_000002765_genomic:23:B02CBACXX:8:2315:1509:891 GCF_000002765.5_GCA_000002765_genomic:23:B02CBACXX:8:2315:2501:4905	60 60	False	TCATTGTCATTTCTAAATAGTTTTGACAAATATTGACTTTCTGTATATTTATTCATATTCATATCTAAGATACCATTATATTTATAGCTGAATCCTCTATCACAACATTTTAATTGATGAGAAGATACTCCTAAATCTATTAGTATACCA CATTTGCTGCATTTACACTCACTTCCTATATTCAATTATTATAGTGGTATACTAATAGATTTAGGAGTATCTTCTCATCAATTAAAATGTTGTGATAGAGGATTCAGCTATAAATATAATGGTATCTTAGATATGAATATGAATAAATAT
S3.57.TruB	Plasmodium_reads-R1	AGAAGTCTTATAAGAGATTTTGCAAATTCTATGAATACAAGCGGCACATTAATAAAACTT	1	1.65	Root; d__Bacteria; p__Bacteroidota; c__Bacteroidia; o__Flavobacteriales; f__Weeksellaceae; g__UBA3376; s__UBA3376 sp002359055	GCF_000002765.5_GCA_000002765_genomic:23:B02CBACXX:8:2315:6548:4524	60	False	AAGGATATTCAATATTATAAAGAAATTGATCTCCCTTTTCTGGATCTTTATATACATTGTTCTGGAGGTACATATATAAGAAGTCTTATAAGAGATTTTGCAAATTCTATGAATACAAGCGGCACATTAATAAAACTTGTACGAACGGAA
S3.57.TruB	Plasmodium_reads-R1	AGAACGTTATGTGAACATATAGGTTTATCATTAGGTGTAGGGGCACATATGCAAGAATTA	1	1.65	Root; d__Eukaryota; Fungi	GCF_000002765.5_GCA_000002765_genomic:23:B02CBACXX:8:2315:5136:5026	60	False	ATCATATTCTGTCATGTTTCCAGATTTGACTCTTCTTAATTCTTGCATATGTGCCCCTACACCTAATGATAAACCTATATGTTCACATAACGTTCTTATATATGTTCCGGCTTGACATTTAACCCAAAATACACATACATTATTTGTCTC
S3.57.TruB	Plasmodium_reads-R1	AGAACGTTATGTGAACATATAGGTTTATTATTAGGTGTAGGGGCACATATGAACGAATTA	1	1.65	Root; d__Eukaryota	GCF_000002765.5_GCA_000002765_genomic:23:B02CBACXX:8:2315:4045:287	60	False	TGTTTCCAGATTTGACTCTTCTTAATTCGTTCATATGTGCCCCTACACCTAATAATAAACCTATATGTTCACATAACGTTCTTATATATGTTCCGGCTTGACATTTAACCCAAAATACACATACATTATTTGTTTCATCATAATCTAATA
S3.58.tsf	Plasmodium_reads-R1	GCAATTGAACATGTTAGGAAAAATACCAAAAGTTCATTTGTTTCAACAAATATTAAAGTA	3	5.11	Root; d__Eukaryota; Sar	GCF_000002765.5_GCA_000002765_genomic:23:B02CBACXX:8:2315:3065:2327 GCF_000002765.5_GCA_000002765_genomic:23:B02CBACXX:8:2315:311:9607 GCF_000002765.5_GCA_000002765_genomic:23:B02CBACXX:8:2315:9778:8856	63 63 63	False	TATTTGGCTAGCTACTAATCCTTCTTTTTTTACTTTAATATTTGTTGAAACAAATGTTGAACTTTTGGTATTTTTCCTAACATGTTCAATTGCTTTATCTACATCATTGTTACATTCTTTCAAAGCTTTATTACATAATTGTATACTAAC AAAGCAATTGAACATGTTAGGAAAAATACCAAAAGTTCAACATTTGTTTCAACAAATATTAAAGTAAAAAAAGAAGGATTAGTAGCTAGCCAAATGAAAGATGACAAAATAGTTTTGTTAGAACTTTTAACTGACTCTGATTTTGTTGCA TTGTCATCTTTTATTTGGCTAGCTACTAATCCTTCTTTTTTTACTTTAATATTTGTTGAAACAAATGTTGAACTTTTGGTATTTTTCCTAACATGTTCAATTGCTTTATCTACATCATTGTTACATTCTTTCAAAGCTTTATTACATAAT
S3.5.ribosomal_protein_S2_rpsB	Plasmodium_reads-R1	GATGCACAATCGGTTAAAGAATCGGCATATGCAAATATCCCTGTAATNGCATTATGTGAT	1	1.65	Root; d__Eukaryota; Sar	GCF_000002765.5_GCA_000002765_genomic:23:B02CBACXX:8:2315:2709:7430	60	False	TCAAATTATCCAAAAATTTACAGAACCAAGATTATTAATTGTGACGGATCCAAGAACAGATGCACAATCGGTTAAAGAATCGGCATATGCAAATATCCCTGTAATNGCATTATGTGATTCAGATTCTCCTTTAGAACACGTAGATATTGC
S3.5.ribosomal_protein_S2_rpsB	Plasmodium_reads-R1	GATGCACAATCGGTTAAAGAATCTGCATATGAAAATATCCCTGTAATAGCATTATGTGAT	1	1.65	Root; d__Eukaryota; Sar	GCF_000002765.5_GCA_000002765_genomic:23:B02CBACXX:8:2315:1983:2704	60	False	GTTCTAAAGGAGAATCTGAATCACATAATGCTATTACAGGGATATTTTCATATGCAGATTCTTTAACCGATTGTGCATCTGTTCTTGGATCCGTTACAATTAATAATCTTGGTTCTGTAAATTTTTGGATAATTTGATTTGTTAACATAC
S3.5.ribosomal_protein_S2_rpsB	Plasmodium_reads-R1	GATGCACAATCGGTTAAAGAATCTGCATATGCAAATATCCCTGTAATAGCATTATGTGAT	2	3.30	Root; d__Eukaryota; Sar	GCF_000002765.5_GCA_000002765_genomic:23:B02CBACXX:8:2315:1007:4165 GCF_000002765.5_GCA_000002765_genomic:23:B02CBACXX:8:2315:6715:6904	60 60	False	AATCTGAATCACATAATGCTATTACAGGGATATTTGCATATGCAGATTCTTTAACCGATTGTGCATCTGTTCTTGGATCCGTTACAATTAATAATCTTGGTTCTGTAAATTTTCGGATAATTTGATTTGTTAACATACCAGGAGTCCATC ACCAATACATAAGTGCAATGGATTCTTTTCCTTTATTATTACATGGTATTGCAATATCTACGTGTTCTAAAGGAGAATCTGAATCACATAATGCTATTACAGGGATATTTGCATATGCAGATTCTTTAACCGATTGTGCATCTGTTCTTG
S3.5.ribosomal_protein_S2_rpsB	Plasmodium_reads-R1	GATGCACAATCGGTTAAAGAANCTGCATATGCAAATATCCCTGTAATAGCATTATGTGAT	1	1.65	Root; d__Eukaryota; Sar	GCF_000002765.5_GCA_000002765_genomic:23:B02CBACXX:8:2315:8294:3114	60	False	GGAGAATCTGAATCACATAATGCTATTACAGGGATATTTGCATATGCAGNTTCTTTAACCGATTGTGCATCTGTTCTTGGATCCGTTACAATTAATAATCTTGGTTCTGTAAATTTTTGGATAATTTGATTTGTTAACATACCAGGAGTC
S3.6.ribosomal_protein_S5	Plasmodium_reads-R1	GGTACTCAAATTGTCGGAGCTCCAACAACCAAAAAAATGTTGAACTTTGCTGGTATAACG	1	1.65	Root; d__Eukaryota; Discoba	GCF_000002765.5_GCA_000002765_genomic:23:B02CBACXX:8:2315:1006:3822	60	False	AAAGTTTCTGGAAAATGTGGTAGTGTTCGTATTCGTTTAGTACCAGCTCCAAGAGGTACTCAAATTGTCGGAGCTCCAACAACCAAAAAAATGTTGAACTTTGCTGGTATAACGGATTGCTTCTCATCATCTTGTGGAAAAACAAAAACT
S3.6.ribosomal_protein_S5	Plasmodium_reads-R1	GGTACTCAAATTGTCGGAGCTCCAACAACCAAAAAAATGTTGAACTTTGCTGGTATAAAG	2	3.30	Root; d__Eukaryota; Discoba	GCF_000002765.5_GCA_000002765_genomic:23:B02CBACXX:8:2315:232:6472 GCF_000002765.5_GCA_000002765_genomic:23:B02CBACXX:8:2315:5231:6210	60 60	False	GTGGTAGTGTTCGTATTCGTTTAGTACCAGCTCCAAGAGGTACTCAAATTGTCGGAGCTCCAACAACCAAAAAAATGTTGAACTTTGCTGGTATAAAGGATTGCTTCTCATCATCTTGTGGAAAAACAAAAACTAAAGGAAACTTTTTGA TCGTTTAGTTCCAGCTCCAAGAGGTACTCAAATTGTCGGAGCTCCAACAACCAAAAAAATGTTGAACTTTGCTGGTATAAAGGATTGCTTCTCATCATCTTGTGGAAAAACAAAAACTAAAGGAAACTTTTTGAGAGTATGTGTTAATAT
S3.6.ribosomal_protein_S5	Plasmodium_reads-R1	GGTACTCAAATTGTCGGAGCTCCAACAACCAAAAAAATGTTCAACTTTGCTGGTATAAAG	1	1.65	Root; d__Eukaryota; Discoba	GCF_000002765.5_GCA_000002765_genomic:23:B02CBACXX:8:2315:799:2818	60	False	CACATACTCTCAAAAAGTTTCCTTTAGTTTTTGTTTTTCCACAAGATGATGAGAAGCAATCCTTTATACCAGCAAAGTTGAACATTTTTTTGGTTGTTGGAGCTCCGACAATTTGAGTACCTCTTGGAGCTGGTACTAAACGAATACGAA
S3.8.ribosomal_protein_S12_S23	Plasmodium_reads-R1	AGAGGAATATGTTTAAAGGTCCGGGTTCAAACACCAAAGAAACCAAATTCTGGTTTAAAG	1	1.65	Root; d__Bacteria; p__Aerophobota; c__Aerophobia; o__Aerophobales; f__AE-B3A; g__SOJT01	GCF_000002765.5_GCA_000002765_genomic:23:B02CBACXX:8:2315:5280:8484	60	False	CTGGTATATATACAGATACGATTCTACCCGTAGATAACCTGACTCTAGCTATTTTCTTTAAACCAGAATTTGGTTTCTTTGGTGTTTGAACCCGGACCTTTAAACATATTCCTCTTTTTTGTGNAGCTCCTTCTAACCATTTAGATCTCC
S3.8.ribosomal_protein_S12_S23	Plasmodium_reads-R1	AGAGGAATATGTTTAAAGGTTCGGGTTCAAACACCAAAGAAACCAAATTCTGGTTTAAAG	1	1.65	Root; d__Bacteria; p__Aerophobota; c__Aerophobia; o__Aerophobales; f__AE-B3A; g__SOJT01; s__SOJT01 sp004376485	GCF_000002765.5_GCA_000002765_genomic:23:B02CBACXX:8:2315:9756:5439	60	False	TATATATACAGATACGACTCTACCCGTAGATAACCTGACTCTAGCTATTTTCTTTAAACCAGAATTTGGTTTCTTTGGTGTTTGAACCCGAACCTTTAAACATATTCCTCTTTTTTGTGGAGCTCCTTCTAACCATTTAGATCTCCAGTT
S3.8.ribosomal_protein_S12_S23	Plasmodium_reads-R1	AAAGGTATAGTTTTAAAAATATTAATAAAGACTCCAAAAAAACCAAATTCAGCTTTAAGA	2	3.30	Root; d__Eukaryota; Sar	GCF_000002765.5_GCA_000002765_genomic:23:B02CBACXX:8:2315:2550:3866 GCF_000002765.5_GCA_000002765_genomic:23:B02CBACXX:8:2315:7347:2729	60 60	False	CCTCAAAAAAAAGGTATAGTTTTAAAAATATTAATAAAGACTCCAAAAAAACCAAATTCAGCTTTAAGAAAAGTTGCTAAGATAAGATTATCAAATAATAAGGAATTATTAGCATATATACCAGGTGAAGGTAAATCTATTCAAGAACAT CAAATTATTTATTAAATAAATGTCCTCAAAAAAAAGGTATAGTTTTAAAAATATTAATAAAGACTCCAAAAAAACCAAATTCAGCTTTAAGAAAAGTTGCTAAGATAAGATTATCAAATAATAAGGAATTATTAGCATATATACCAGGTG
S3.9.ribosomal_protein_S15P_S13e	Plasmodium_reads-R1	AAGGATCATTCAAAAAAAAGAACAATGTCTATTTTATTAGCTCGGAGACAAAAACTTATG	1	1.65	Root; d__Bacteria; p__Marinisomatota; c__Marinisomatia; o__SCGC-AAA003-L08; f__D37C17; g__D37C17; s__D37C17 sp004124405	GCF_000002765.5_GCA_000002765_genomic:23:B02CBACXX:8:2315:10000:7129	60	False	GTTGCTTAACGGAGAATATTTTGAATTTAAGAGCACATATAATTCAACGTTGTAAGGATCATTCAAAAAAAAGAACAATGTCTATTTTATTAGCTCGGAGACAAAAACTTATGAAATATTTATACAAAACAGATTTTGAATTATATAAAC
